{"/LXNxHyefuUajKQCIrN2Iw==":"mbr-1920x1440.png","krQhURdpyHRwvSiCTAYepw==":"mbr-1256x838.jpg","bPea1FME58YDxZkUmaJRcw==":"mbr-596x397.jpg","wyZaTgR8X9VGejiCPXwvXw==":"mbr-1-596x397.jpg","Vc1xUkFyLcAR9N+01/9SPw==":"mbr-596x398.jpg","uFw90vyzVZ5gYQmyUIRbrQ==":"mbr-2-596x397.jpg","BbnwYTQ/mwRikIuzWrx5wQ==":"mbr-3-596x397.jpg","yj65sRuI116jFLEwblFzpQ==":"mbr-4-596x397.jpg","5oPK1SFHulevFYkrYKzJZA==":"mbr-596x447.jpg","avvqA70996b1K9wVBqlPyw==":"mbr-596x401.jpg","KonTLiEUyrslutBRFAYAsQ==":"mbr-596x401.jpeg","pOu5RVJOYUVtoRmCFCuY7Q==":"mbr-1920x1280.jpg","yhM3E1ZFr8dF18pJX8fqCw==":"mbr-1256x837.jpg","w83uDO7df7KKhPdDldUGYg==":"mbr-1-1920x1280.jpg","7+IaZveUPgj7KRGNlBTXbw==":"mbr-816x544.jpg","tCpP3Zby51T46L6MmgZSgA==":"mbr-1-816x544.jpg","lwgOQaWOCTYj+S01nb8m8g==":"mbr-816x524.jpg","8cRf2rMsVHRj++7zzvhg6w==":"mbr-198x198.jpg","hvxIYJbHmr3+Fqg1rCxUZQ==":"mbr-1256x829.jpg","oTGvwOmQ85L4IzuNAFFnyA==":"mbr.jpg","pCgZ1zmLH1Qs03HXIDzidw==":"mbr-1.jpg","IuwI24sGYh6Xf62uQW1ZgA==":"mbr-2.jpg","5rNE5Q786r7T9+I4svKDXw==":"mbr-1900x827.jpg","zMuWnfPvnNLB+p1S6SqbDg==":"banner4-1076x576.jpg","CrvZbzwegGWXvM0oiDP8Pg==":"mbr-696x446.jpg","Vb7GgbMoe0curpGYBParsg==":"background3.jpg","L8rHtLxRo0oSaQUjJBzXyg==":"mbr-696x284.jpg","o7FsWZZCKd1VdAo8ecLBUQ==":"mbr-696x462.jpg","tu3bv3ew1icbERx5PhKj0A==":"mbr-696x461.jpg","kLcXmwBSuvnUESzIPyb5EA==":"mbr-696x467.jpg","iWqIi2HZp789OQKx6RwrXw==":"mbr-696x463.jpg","gyh5nXO9xcVoFmM8Cgms2A==":"mbr-696x392.png","5+tUetOpfy2dNY86IoB0Xg==":"mbr-696x464.jpg","DGqErnN8w0Ng5PQl6uutEw==":"gmat-240x235.jpg","Rvze6m8CUgKObpV469/lXA==":"sat-240x240.jpg","L3RrT5Ubd/91ZwLtjLbzXA==":"pte-240x240.jpg","umt8txiVxQmuw0yFIIbHxw==":"toefl-240x240.jpg","+UqebJle06PsufsFumsaDA==":"ielts-240x240.jpg","HrVlaijzU1y5iuH2GKaH+A==":"gre-240x240.jpg","CGvYRH5RinlzMhMy72TN3w==":"_100232570_bbc-240x135.jpg","ChjQ6V4VbIdMFPFlUVE9IQ==":"_100232570_bbc-240x135.jpeg","gpXotYJHYBVr3keP0bufwA==":"waec-240x134.jpeg","oRykAiO0rUD++7AmPeEwUg==":"background1.jpg","Q3Iy98t36yM/pkqXwvrg8Q==":"background7.jpg","Ho9lA04MKEQ+9BzQp4lGKA==":"mbr-506x506.png","JPyVPRYiwhVLI8Tn1tqcLQ==":"mbr-506x481.png","oreo5b2xIDyyWLDbS7ByGQ==":"mbr-506x832.png","lyxjOIeIEQWetV86aDrlgA==":"mbr-506x486.png","NEoiJqhazqJIMuzozav6fg==":"mbr-1-506x506.png","V+GAwysS/YItGBV6JFcvFw==":"oshin%20bayjo-600x315.jpg","uTshfHkNZl5P1fyWodZYdw==":"mmm3-696x520.jpg","UQ4TuqMA8DYrdsFsVMX5aw==":"nigerian%20%20students%20hopes%20to%20make%20food%20more%20nutritious%20through%20reseach%20career-275x183.jpg","SKHOGp1+kUBQBsYYqien8w==":"abujaairport_nigeria-696x345.jpg","XQ1FRLaq9S8T81PnlCdkDA==":"air-peace%20ma%20look%20alike-412x299.png","fjhrj+/zpEUAfzQMk4sz9Q==":"download%20(7)-275x183.jpg","AD4g95dweCwYoPscE5JJGQ==":"zahra-and-yusuf-graduation2-275x217.png","8SEVRWOJfkPFlTUeXiqk+w==":"sampleee-275x183.jpg","4y3I1FLFIGS507LzajAIIA==":"institute-of-chartered-accountants-of-nigeria-240x240.jpg","/6Do2sUnwfx2ZydVt2q7Gw==":"canada-map-hd-1076x872.jpg","VU6Dz7FmHIFUxUQnigMQuw==":"apga-victor-umeh-son-graduates-33235930540366090000-500x375.jpg","Nvssgn6ybTaRlQLKlYFH6w==":"ontario_universities-500x341.jpg","fvWwUQcSnoRO8PgWobV5lg==":"meet-13-university-at-one-place-1076x563.jpg","MtXZ5jamZJHBMiOn8hj8Xw==":"sept%2012%20general%20banner-1076x1076.jpg","fEucogC2IEOZmTGY8Vr+sg==":"sept%2012%20general%20banner2-1076x717.jpg","YBBCKGnVFiCBNlPeqJtFjg==":"sept%2012%20general%20banner3-1076x1614.jpg","nny/zI1NEJY2kknh4Oy0FQ==":"sept%2012%20general%20banner4-1398x2098.jpg","LcWWj/UOPKaSwf5XschaNg==":"sept%2012%20general%20banner5-696x700.jpg","H6F3iXfbYA6gRVDmS9sk5A==":"sept%2012%20general%20banner-1667x1667.jpg","j71u7B2Pf063IaApmjdy6A==":"sept%2012%20general%20banner4-1076x1615.jpg","v2F3i/mLRwQo2fY39OX/Tg==":"gre%20sat-1076x1345.jpg","bY7AFY76R9ZHTvWelpme2w==":"zahra-and-yusuf-graduation2-600x474.png","vu+d/XNNuqFztuZY5JI+MA==":"home-696x488.jpg","8kE9YU1rnxiRnvoTaBPOng==":"tobina-696x663.jpg","11hcGJ0habcTIhWUFHAzng==":"schoolselection-500x341.jpg","3VFLGbKvML/lz+fgWsTlpQ==":"usenurse-696x598.jpg","r0Cc4cQ1dv+ThblPsnGJDQ==":"postvisa-696x716.jpg","pZYw+JpHNFe9pg30E0fIdg==":"sat-240x166.png","4FiSNMrbksjSd8PVJ7TJ2A==":"toefl-240x167.jpg","p8vnA/EPXsnYrDSoH2kdfw==":"logo-96x43.png","nX2gqjeyyKq8ICVkKzb+Fw==":"logo%20alone-214x211.jpg","PVqcr4Jr6pulFFaJiSEOHA==":"corel%20design%20of%20combined%20feb%202022-97x96.png","tLyAN9IGReUortk1i3qq4Q==":"logo-337x152.png","pJpchZK3Jr9WZprMXhyTVw==":"digial%20logo%20g-337x179.png","8/jRLnTwbu8PId9PKNuxtA==":"all-764x764.jpg","6CeJpobmrzAJToBDPiZU6w==":"1-275x183.png","f2n6cPPmfwT0keEYGeeXGQ==":"1-275x120.png","1s1Z751tlHQZXpTf1r2NBw==":"1-1-275x120.png","K4IHtz8zOTs8gNydICKJMQ==":"2-764x333.png","FJ7q+kF5PLIMJcDvjiTiTg==":"2-764x333.jpg","3Z0c2pQD4JZ7dmkIotZxlA==":"2-1900x827.jpg","F6CSmCDeUP1nGVZDki00Dg==":"2-1-1900x827.jpg","Tpgnu9wLudwd/8cRozbOnw==":"study-pack-1900x827.jpg","KcwFwp1aocdvOz/EHireBg==":"postvisa-275x183.jpg","meEDGoqX7ttKYjOOPHxW9Q==":"usenurse-275x183.jpg","0Gk5GP6Z6Hv/8CghX+9o7A==":"usenurse-1-275x183.jpg","03VR1HZFiSSqcpRlAl9FGA==":"postvisa-1-275x183.jpg","qYBzOBO06sHHI78AOr+pHg==":"2-1076x468.jpg","CFJsZvI80GhhJVRIVkudrg==":"toefl-240x167.png","cAvzBBzgHhR92D5IBzVt4g==":"ican-2-254x160.jpg","gD0S6s/fQDUljHcTYabV8Q==":"atws-1076x443.jpg","MnyKuG7BGoHyEg5jPLlBoA==":"logomark-y-341x400.png","O4U+UGX5a17WIYUP5uRY/g==":"jupeblogosmall1-76x76.png","+Siyx1Nq82dHru0IMMG1Pw==":"jupeb-302x167.png","qRV1fTTwCvlwT5PGIxoOKA==":"jupeb-290x174.jpg","rm8aIJhaJZM7l6juexEZWg==":"gmat-1074x1051.jpg","JDDJqv21gWLsR3D9A1NDQA==":"satpattern-696x436.jpg","YFi7KuG+JbT+n9Mwsb4Muw==":"beyond-722x867.jpg","w6Hl2jXLiWbTk8xqfzwrWQ==":"ielts-978x899.png"}